"species","file","raw_rows","post_burnin_rows","kept","reason"
"Aneides_aeneus","pars_1.pars.log",5001,2001,TRUE,"kept"
"Aneides_aeneus","pars_10.pars.log",5001,2001,TRUE,"kept"
"Aneides_aeneus","pars_11.pars.log",5001,2001,TRUE,"kept"
"Aneides_aeneus","pars_12.pars.log",5001,2001,TRUE,"kept"
"Aneides_aeneus","pars_13.pars.log",5001,2001,TRUE,"kept"
"Aneides_aeneus","pars_14.pars.log",5001,2001,TRUE,"kept"
"Aneides_aeneus","pars_15.pars.log",5001,2001,TRUE,"kept"
"Aneides_aeneus","pars_2.pars.log",5001,2001,TRUE,"kept"
"Aneides_aeneus","pars_3.pars.log",5001,2001,TRUE,"kept"
"Aneides_aeneus","pars_4.pars.log",5001,2001,TRUE,"kept"
"Aneides_aeneus","pars_5.pars.log",5001,2001,TRUE,"kept"
"Aneides_aeneus","pars_6.pars.log",5001,2001,TRUE,"kept"
"Aneides_aeneus","pars_7.pars.log",5001,2001,TRUE,"kept"
"Aneides_aeneus","pars_8.pars.log",5001,2001,TRUE,"kept"
"Aneides_aeneus","pars_9.pars.log",5001,2001,TRUE,"kept"
"Desmognathus_abditus","pars_1.pars.log",5001,2001,TRUE,"kept"
"Desmognathus_abditus","pars_10.pars.log",5001,2001,TRUE,"kept"
"Desmognathus_abditus","pars_11.pars.log",5001,2001,TRUE,"kept"
"Desmognathus_abditus","pars_12.pars.log",5001,2001,TRUE,"kept"
"Desmognathus_abditus","pars_2.pars.log",5001,2001,TRUE,"kept"
"Desmognathus_abditus","pars_3.pars.log",5001,2001,TRUE,"kept"
"Desmognathus_abditus","pars_4.pars.log",5001,2001,TRUE,"kept"
"Desmognathus_abditus","pars_5.pars.log",5001,2001,TRUE,"kept"
"Desmognathus_abditus","pars_6.pars.log",5001,2001,TRUE,"kept"
"Desmognathus_abditus","pars_7.pars.log",5001,2001,TRUE,"kept"
"Desmognathus_abditus","pars_8.pars.log",5001,2001,TRUE,"kept"
"Desmognathus_abditus","pars_9.pars.log",5001,2001,TRUE,"kept"
"Desmognathus_aeneus","pars_1.pars.log",5001,2001,TRUE,"kept"
"Desmognathus_aeneus","pars_10.pars.log",5001,2001,TRUE,"kept"
"Desmognathus_aeneus","pars_11.pars.log",5001,2001,TRUE,"kept"
"Desmognathus_aeneus","pars_12.pars.log",5001,2001,TRUE,"kept"
"Desmognathus_aeneus","pars_13.pars.log",5001,2001,TRUE,"kept"
"Desmognathus_aeneus","pars_14.pars.log",5001,2001,TRUE,"kept"
"Desmognathus_aeneus","pars_15.pars.log",5001,2001,TRUE,"kept"
"Desmognathus_aeneus","pars_16.pars.log",5001,2001,TRUE,"kept"
"Desmognathus_aeneus","pars_2.pars.log",5001,2001,TRUE,"kept"
"Desmognathus_aeneus","pars_3.pars.log",5001,2001,TRUE,"kept"
"Desmognathus_aeneus","pars_4.pars.log",5001,2001,TRUE,"kept"
"Desmognathus_aeneus","pars_5.pars.log",5001,2001,TRUE,"kept"
"Desmognathus_aeneus","pars_6.pars.log",5001,2001,TRUE,"kept"
"Desmognathus_aeneus","pars_7.pars.log",5001,2001,TRUE,"kept"
"Desmognathus_aeneus","pars_8.pars.log",5001,2001,TRUE,"kept"
"Desmognathus_aeneus","pars_9.pars.log",5001,2001,TRUE,"kept"
"Desmognathus_apalachicolae","pars_1.pars.log",5001,2001,TRUE,"kept"
"Desmognathus_apalachicolae","pars_10.pars.log",5001,2001,TRUE,"kept"
"Desmognathus_apalachicolae","pars_11.pars.log",5001,2001,TRUE,"kept"
"Desmognathus_apalachicolae","pars_12.pars.log",5001,2001,TRUE,"kept"
"Desmognathus_apalachicolae","pars_13.pars.log",5001,2001,TRUE,"kept"
"Desmognathus_apalachicolae","pars_14.pars.log",5001,2001,TRUE,"kept"
"Desmognathus_apalachicolae","pars_15.pars.log",5001,2001,TRUE,"kept"
"Desmognathus_apalachicolae","pars_2.pars.log",5001,2001,TRUE,"kept"
"Desmognathus_apalachicolae","pars_3.pars.log",5001,2001,TRUE,"kept"
"Desmognathus_apalachicolae","pars_4.pars.log",5001,2001,TRUE,"kept"
"Desmognathus_apalachicolae","pars_5.pars.log",5001,2001,TRUE,"kept"
"Desmognathus_apalachicolae","pars_6.pars.log",5001,2001,TRUE,"kept"
"Desmognathus_apalachicolae","pars_7.pars.log",5001,2001,TRUE,"kept"
"Desmognathus_apalachicolae","pars_8.pars.log",5001,2001,TRUE,"kept"
"Desmognathus_apalachicolae","pars_9.pars.log",5001,2001,TRUE,"kept"
"Desmognathus_auriculatus","pars_1.pars.log",5001,2001,TRUE,"kept"
"Desmognathus_auriculatus","pars_10.pars.log",5001,2001,TRUE,"kept"
"Desmognathus_auriculatus","pars_11.pars.log",5001,2001,TRUE,"kept"
"Desmognathus_auriculatus","pars_12.pars.log",5001,2001,TRUE,"kept"
"Desmognathus_auriculatus","pars_13.pars.log",5001,2001,TRUE,"kept"
"Desmognathus_auriculatus","pars_14.pars.log",5001,2001,TRUE,"kept"
"Desmognathus_auriculatus","pars_2.pars.log",5001,2001,TRUE,"kept"
"Desmognathus_auriculatus","pars_3.pars.log",5001,2001,TRUE,"kept"
"Desmognathus_auriculatus","pars_4.pars.log",5001,2001,TRUE,"kept"
"Desmognathus_auriculatus","pars_5.pars.log",5001,2001,TRUE,"kept"
"Desmognathus_auriculatus","pars_6.pars.log",5001,2001,TRUE,"kept"
"Desmognathus_auriculatus","pars_7.pars.log",5001,2001,TRUE,"kept"
"Desmognathus_auriculatus","pars_8.pars.log",5001,2001,TRUE,"kept"
"Desmognathus_auriculatus","pars_9.pars.log",5001,2001,TRUE,"kept"
"Desmognathus_brimleyorum","pars_1.pars.log",5001,2001,TRUE,"kept"
"Desmognathus_brimleyorum","pars_10.pars.log",5001,2001,TRUE,"kept"
"Desmognathus_brimleyorum","pars_11.pars.log",5001,2001,TRUE,"kept"
"Desmognathus_brimleyorum","pars_2.pars.log",5001,2001,TRUE,"kept"
"Desmognathus_brimleyorum","pars_3.pars.log",5001,2001,TRUE,"kept"
"Desmognathus_brimleyorum","pars_4.pars.log",5001,2001,TRUE,"kept"
"Desmognathus_brimleyorum","pars_5.pars.log",5001,2001,TRUE,"kept"
"Desmognathus_brimleyorum","pars_6.pars.log",5001,2001,TRUE,"kept"
"Desmognathus_brimleyorum","pars_7.pars.log",5001,2001,TRUE,"kept"
"Desmognathus_brimleyorum","pars_8.pars.log",5001,2001,TRUE,"kept"
"Desmognathus_brimleyorum","pars_9.pars.log",5001,2001,TRUE,"kept"
"Desmognathus_carolinensis","pars_1.pars.log",5001,2001,TRUE,"kept"
"Desmognathus_carolinensis","pars_2.pars.log",5001,2001,TRUE,"kept"
"Desmognathus_carolinensis","pars_3.pars.log",5001,2001,TRUE,"kept"
"Desmognathus_carolinensis","pars_4.pars.log",5001,2001,TRUE,"kept"
"Desmognathus_carolinensis","pars_5.pars.log",5001,2001,TRUE,"kept"
"Desmognathus_carolinensis","pars_6.pars.log",5001,2001,TRUE,"kept"
"Desmognathus_carolinensis","pars_7.pars.log",5001,2001,TRUE,"kept"
"Desmognathus_carolinensis","pars_8.pars.log",5001,2001,TRUE,"kept"
"Desmognathus_conanti","pars_1.pars.log",5001,2001,TRUE,"kept"
"Desmognathus_conanti","pars_10.pars.log",5001,2001,TRUE,"kept"
"Desmognathus_conanti","pars_11.pars.log",5001,2001,TRUE,"kept"
"Desmognathus_conanti","pars_2.pars.log",5001,2001,TRUE,"kept"
"Desmognathus_conanti","pars_3.pars.log",5001,2001,TRUE,"kept"
"Desmognathus_conanti","pars_4.pars.log",5001,2001,TRUE,"kept"
"Desmognathus_conanti","pars_5.pars.log",5001,2001,TRUE,"kept"
"Desmognathus_conanti","pars_6.pars.log",5001,2001,TRUE,"kept"
"Desmognathus_conanti","pars_7.pars.log",5001,2001,TRUE,"kept"
"Desmognathus_conanti","pars_8.pars.log",5001,2001,TRUE,"kept"
"Desmognathus_conanti","pars_9.pars.log",5001,2001,TRUE,"kept"
"Desmognathus_folkertsi","pars_1.pars.log",5001,2001,TRUE,"kept"
"Desmognathus_folkertsi","pars_10.pars.log",5001,2001,TRUE,"kept"
"Desmognathus_folkertsi","pars_11.pars.log",5001,2001,TRUE,"kept"
"Desmognathus_folkertsi","pars_12.pars.log",5001,2001,TRUE,"kept"
"Desmognathus_folkertsi","pars_13.pars.log",5001,2001,TRUE,"kept"
"Desmognathus_folkertsi","pars_14.pars.log",5001,2001,TRUE,"kept"
"Desmognathus_folkertsi","pars_2.pars.log",5001,2001,TRUE,"kept"
"Desmognathus_folkertsi","pars_3.pars.log",5001,2001,TRUE,"kept"
"Desmognathus_folkertsi","pars_4.pars.log",5001,2001,TRUE,"kept"
"Desmognathus_folkertsi","pars_5.pars.log",5001,2001,TRUE,"kept"
"Desmognathus_folkertsi","pars_6.pars.log",5001,2001,TRUE,"kept"
"Desmognathus_folkertsi","pars_7.pars.log",5001,2001,TRUE,"kept"
"Desmognathus_folkertsi","pars_8.pars.log",5001,2001,TRUE,"kept"
"Desmognathus_folkertsi","pars_9.pars.log",5001,2001,TRUE,"kept"
"Desmognathus_fuscus","pars_1.pars.log",5001,2001,TRUE,"kept"
"Desmognathus_fuscus","pars_10.pars.log",5001,2001,TRUE,"kept"
"Desmognathus_fuscus","pars_11.pars.log",5001,2001,TRUE,"kept"
"Desmognathus_fuscus","pars_12.pars.log",5001,2001,TRUE,"kept"
"Desmognathus_fuscus","pars_13.pars.log",5001,2001,TRUE,"kept"
"Desmognathus_fuscus","pars_14.pars.log",5001,2001,TRUE,"kept"
"Desmognathus_fuscus","pars_2.pars.log",5001,2001,TRUE,"kept"
"Desmognathus_fuscus","pars_3.pars.log",5001,2001,TRUE,"kept"
"Desmognathus_fuscus","pars_4.pars.log",5001,2001,TRUE,"kept"
"Desmognathus_fuscus","pars_5.pars.log",5001,2001,TRUE,"kept"
"Desmognathus_fuscus","pars_6.pars.log",5001,2001,TRUE,"kept"
"Desmognathus_fuscus","pars_7.pars.log",5001,2001,TRUE,"kept"
"Desmognathus_fuscus","pars_8.pars.log",5001,2001,TRUE,"kept"
"Desmognathus_fuscus","pars_9.pars.log",5001,2001,TRUE,"kept"
"Desmognathus_imitator","pars_1.pars.log",5001,2001,TRUE,"kept"
"Desmognathus_imitator","pars_10.pars.log",5001,2001,TRUE,"kept"
"Desmognathus_imitator","pars_11.pars.log",5001,2001,TRUE,"kept"
"Desmognathus_imitator","pars_12.pars.log",5001,2001,TRUE,"kept"
"Desmognathus_imitator","pars_13.pars.log",5001,2001,TRUE,"kept"
"Desmognathus_imitator","pars_14.pars.log",5001,2001,TRUE,"kept"
"Desmognathus_imitator","pars_15.pars.log",5001,2001,TRUE,"kept"
"Desmognathus_imitator","pars_16.pars.log",5001,2001,TRUE,"kept"
"Desmognathus_imitator","pars_17.pars.log",5001,2001,TRUE,"kept"
"Desmognathus_imitator","pars_18.pars.log",5001,2001,TRUE,"kept"
"Desmognathus_imitator","pars_19.pars.log",5001,2001,TRUE,"kept"
"Desmognathus_imitator","pars_2.pars.log",5001,2001,TRUE,"kept"
"Desmognathus_imitator","pars_20.pars.log",5001,2001,TRUE,"kept"
"Desmognathus_imitator","pars_3.pars.log",5001,2001,TRUE,"kept"
"Desmognathus_imitator","pars_4.pars.log",5001,2001,TRUE,"kept"
"Desmognathus_imitator","pars_5.pars.log",5001,2001,TRUE,"kept"
"Desmognathus_imitator","pars_6.pars.log",5001,2001,TRUE,"kept"
"Desmognathus_imitator","pars_7.pars.log",5001,2001,TRUE,"kept"
"Desmognathus_imitator","pars_8.pars.log",5001,2001,TRUE,"kept"
"Desmognathus_imitator","pars_9.pars.log",5001,2001,TRUE,"kept"
"Desmognathus_marmoratus","pars_1.pars.log",5001,2001,TRUE,"kept"
"Desmognathus_marmoratus","pars_10.pars.log",5001,2001,TRUE,"kept"
"Desmognathus_marmoratus","pars_11.pars.log",5001,2001,TRUE,"kept"
"Desmognathus_marmoratus","pars_12.pars.log",5001,2001,TRUE,"kept"
"Desmognathus_marmoratus","pars_13.pars.log",5001,2001,TRUE,"kept"
"Desmognathus_marmoratus","pars_2.pars.log",5001,2001,TRUE,"kept"
"Desmognathus_marmoratus","pars_3.pars.log",5001,2001,TRUE,"kept"
"Desmognathus_marmoratus","pars_4.pars.log",5001,2001,TRUE,"kept"
"Desmognathus_marmoratus","pars_5.pars.log",5001,2001,TRUE,"kept"
"Desmognathus_marmoratus","pars_6.pars.log",5001,2001,TRUE,"kept"
"Desmognathus_marmoratus","pars_7.pars.log",5001,2001,TRUE,"kept"
"Desmognathus_marmoratus","pars_8.pars.log",5001,2001,TRUE,"kept"
"Desmognathus_marmoratus","pars_9.pars.log",5001,2001,TRUE,"kept"
"Desmognathus_monticola","pars_1.pars.log",5001,2001,TRUE,"kept"
"Desmognathus_monticola","pars_10.pars.log",5001,2001,TRUE,"kept"
"Desmognathus_monticola","pars_11.pars.log",5001,2001,TRUE,"kept"
"Desmognathus_monticola","pars_12.pars.log",5001,2001,TRUE,"kept"
"Desmognathus_monticola","pars_13.pars.log",5001,2001,TRUE,"kept"
"Desmognathus_monticola","pars_14.pars.log",5001,2001,TRUE,"kept"
"Desmognathus_monticola","pars_15.pars.log",5001,2001,TRUE,"kept"
"Desmognathus_monticola","pars_2.pars.log",5001,2001,TRUE,"kept"
"Desmognathus_monticola","pars_3.pars.log",5001,2001,TRUE,"kept"
"Desmognathus_monticola","pars_4.pars.log",5001,2001,TRUE,"kept"
"Desmognathus_monticola","pars_5.pars.log",5001,2001,TRUE,"kept"
"Desmognathus_monticola","pars_6.pars.log",5001,2001,TRUE,"kept"
"Desmognathus_monticola","pars_7.pars.log",5001,2001,TRUE,"kept"
"Desmognathus_monticola","pars_8.pars.log",5001,2001,TRUE,"kept"
"Desmognathus_monticola","pars_9.pars.log",5001,2001,TRUE,"kept"
"Desmognathus_ochrophaeus","pars_1.pars.log",5001,2001,TRUE,"kept"
"Desmognathus_ochrophaeus","pars_10.pars.log",5001,2001,TRUE,"kept"
"Desmognathus_ochrophaeus","pars_11.pars.log",5001,2001,TRUE,"kept"
"Desmognathus_ochrophaeus","pars_12.pars.log",5001,2001,TRUE,"kept"
"Desmognathus_ochrophaeus","pars_2.pars.log",5001,2001,TRUE,"kept"
"Desmognathus_ochrophaeus","pars_3.pars.log",5001,2001,TRUE,"kept"
"Desmognathus_ochrophaeus","pars_4.pars.log",5001,2001,TRUE,"kept"
"Desmognathus_ochrophaeus","pars_5.pars.log",5001,2001,TRUE,"kept"
"Desmognathus_ochrophaeus","pars_6.pars.log",5001,2001,TRUE,"kept"
"Desmognathus_ochrophaeus","pars_7.pars.log",5001,2001,TRUE,"kept"
"Desmognathus_ochrophaeus","pars_8.pars.log",5001,2001,TRUE,"kept"
"Desmognathus_ochrophaeus","pars_9.pars.log",5001,2001,TRUE,"kept"
"Desmognathus_ocoee","pars_1.pars.log",5001,2001,TRUE,"kept"
"Desmognathus_ocoee","pars_10.pars.log",5001,2001,TRUE,"kept"
"Desmognathus_ocoee","pars_11.pars.log",5001,2001,TRUE,"kept"
"Desmognathus_ocoee","pars_12.pars.log",5001,2001,TRUE,"kept"
"Desmognathus_ocoee","pars_2.pars.log",5001,2001,TRUE,"kept"
"Desmognathus_ocoee","pars_3.pars.log",5001,2001,TRUE,"kept"
"Desmognathus_ocoee","pars_4.pars.log",5001,2001,TRUE,"kept"
"Desmognathus_ocoee","pars_5.pars.log",5001,2001,TRUE,"kept"
"Desmognathus_ocoee","pars_6.pars.log",5001,2001,TRUE,"kept"
"Desmognathus_ocoee","pars_7.pars.log",5001,2001,TRUE,"kept"
"Desmognathus_ocoee","pars_8.pars.log",5001,2001,TRUE,"kept"
"Desmognathus_ocoee","pars_9.pars.log",5001,2001,TRUE,"kept"
"Desmognathus_orestes","pars_1.pars.log",5001,2001,TRUE,"kept"
"Desmognathus_orestes","pars_10.pars.log",5001,2001,TRUE,"kept"
"Desmognathus_orestes","pars_11.pars.log",5001,2001,TRUE,"kept"
"Desmognathus_orestes","pars_12.pars.log",5001,2001,TRUE,"kept"
"Desmognathus_orestes","pars_13.pars.log",5001,2001,TRUE,"kept"
"Desmognathus_orestes","pars_14.pars.log",5001,2001,TRUE,"kept"
"Desmognathus_orestes","pars_15.pars.log",5001,2001,TRUE,"kept"
"Desmognathus_orestes","pars_16.pars.log",5001,2001,TRUE,"kept"
"Desmognathus_orestes","pars_2.pars.log",5001,2001,TRUE,"kept"
"Desmognathus_orestes","pars_3.pars.log",5001,2001,TRUE,"kept"
"Desmognathus_orestes","pars_4.pars.log",5001,2001,TRUE,"kept"
"Desmognathus_orestes","pars_5.pars.log",5001,2001,TRUE,"kept"
"Desmognathus_orestes","pars_6.pars.log",5001,2001,TRUE,"kept"
"Desmognathus_orestes","pars_7.pars.log",5001,2001,TRUE,"kept"
"Desmognathus_orestes","pars_8.pars.log",5001,2001,TRUE,"kept"
"Desmognathus_orestes","pars_9.pars.log",5001,2001,TRUE,"kept"
"Desmognathus_organi","pars_1.pars.log",5001,2001,TRUE,"kept"
"Desmognathus_organi","pars_10.pars.log",5001,2001,TRUE,"kept"
"Desmognathus_organi","pars_11.pars.log",5001,2001,TRUE,"kept"
"Desmognathus_organi","pars_12.pars.log",5001,2001,TRUE,"kept"
"Desmognathus_organi","pars_13.pars.log",5001,2001,TRUE,"kept"
"Desmognathus_organi","pars_14.pars.log",5001,2001,TRUE,"kept"
"Desmognathus_organi","pars_2.pars.log",5001,2001,TRUE,"kept"
"Desmognathus_organi","pars_3.pars.log",5001,2001,TRUE,"kept"
"Desmognathus_organi","pars_4.pars.log",5001,2001,TRUE,"kept"
"Desmognathus_organi","pars_5.pars.log",5001,2001,TRUE,"kept"
"Desmognathus_organi","pars_6.pars.log",5001,2001,TRUE,"kept"
"Desmognathus_organi","pars_7.pars.log",5001,2001,TRUE,"kept"
"Desmognathus_organi","pars_8.pars.log",5001,2001,TRUE,"kept"
"Desmognathus_organi","pars_9.pars.log",5001,2001,TRUE,"kept"
"Desmognathus_planiceps","pars_1.pars.log",5001,2001,TRUE,"kept"
"Desmognathus_planiceps","pars_10.pars.log",5001,2001,TRUE,"kept"
"Desmognathus_planiceps","pars_11.pars.log",5001,2001,TRUE,"kept"
"Desmognathus_planiceps","pars_12.pars.log",5001,2001,TRUE,"kept"
"Desmognathus_planiceps","pars_13.pars.log",5001,2001,TRUE,"kept"
"Desmognathus_planiceps","pars_14.pars.log",5001,2001,TRUE,"kept"
"Desmognathus_planiceps","pars_2.pars.log",5001,2001,TRUE,"kept"
"Desmognathus_planiceps","pars_3.pars.log",5001,2001,TRUE,"kept"
"Desmognathus_planiceps","pars_4.pars.log",5001,2001,TRUE,"kept"
"Desmognathus_planiceps","pars_5.pars.log",5001,2001,TRUE,"kept"
"Desmognathus_planiceps","pars_6.pars.log",5001,2001,TRUE,"kept"
"Desmognathus_planiceps","pars_6_1.pars.log",5001,2001,TRUE,"kept"
"Desmognathus_planiceps","pars_7.pars.log",5001,2001,TRUE,"kept"
"Desmognathus_planiceps","pars_8.pars.log",5001,2001,TRUE,"kept"
"Desmognathus_planiceps","pars_9.pars.log",5001,2001,TRUE,"kept"
"Desmognathus_quadramaculatus","pars_1.pars.log",5001,2001,TRUE,"kept"
"Desmognathus_quadramaculatus","pars_2.pars.log",5001,2001,TRUE,"kept"
"Desmognathus_quadramaculatus","pars_3.pars.log",5001,2001,TRUE,"kept"
"Desmognathus_quadramaculatus","pars_4.pars.log",5001,2001,TRUE,"kept"
"Desmognathus_quadramaculatus","pars_5.pars.log",5001,2001,TRUE,"kept"
"Desmognathus_quadramaculatus","pars_6.pars.log",5001,2001,TRUE,"kept"
"Desmognathus_quadramaculatus","pars_7.pars.log",5001,2001,TRUE,"kept"
"Desmognathus_santeetlah","pars_1.pars.log",5001,2001,TRUE,"kept"
"Desmognathus_santeetlah","pars_2.pars.log",5001,2001,TRUE,"kept"
"Desmognathus_santeetlah","pars_3.pars.log",5001,2001,TRUE,"kept"
"Desmognathus_santeetlah","pars_4.pars.log",5001,2001,TRUE,"kept"
"Desmognathus_santeetlah","pars_5.pars.log",5001,2001,TRUE,"kept"
"Desmognathus_santeetlah","pars_6.pars.log",5001,2001,TRUE,"kept"
"Desmognathus_welteri","pars_1.pars.log",5001,2001,TRUE,"kept"
"Desmognathus_welteri","pars_10.pars.log",5001,2001,TRUE,"kept"
"Desmognathus_welteri","pars_11.pars.log",5001,2001,TRUE,"kept"
"Desmognathus_welteri","pars_12.pars.log",5001,2001,TRUE,"kept"
"Desmognathus_welteri","pars_13.pars.log",5001,2001,TRUE,"kept"
"Desmognathus_welteri","pars_14.pars.log",5001,2001,TRUE,"kept"
"Desmognathus_welteri","pars_15.pars.log",5001,2001,TRUE,"kept"
"Desmognathus_welteri","pars_16.pars.log",5001,2001,TRUE,"kept"
"Desmognathus_welteri","pars_17.pars.log",5001,2001,TRUE,"kept"
"Desmognathus_welteri","pars_18.pars.log",5001,2001,TRUE,"kept"
"Desmognathus_welteri","pars_19.pars.log",5001,2001,TRUE,"kept"
"Desmognathus_welteri","pars_2.pars.log",5001,2001,TRUE,"kept"
"Desmognathus_welteri","pars_20.pars.log",5001,2001,TRUE,"kept"
"Desmognathus_welteri","pars_3.pars.log",5001,2001,TRUE,"kept"
"Desmognathus_welteri","pars_4.pars.log",5001,2001,TRUE,"kept"
"Desmognathus_welteri","pars_5.pars.log",5001,2001,TRUE,"kept"
"Desmognathus_welteri","pars_6.pars.log",5001,2001,TRUE,"kept"
"Desmognathus_welteri","pars_7.pars.log",5001,2001,TRUE,"kept"
"Desmognathus_welteri","pars_8.pars.log",5001,2001,TRUE,"kept"
"Desmognathus_welteri","pars_9.pars.log",5001,2001,TRUE,"kept"
"Desmognathus_wrighti","pars_1.pars.log",5001,2001,TRUE,"kept"
"Desmognathus_wrighti","pars_10.pars.log",5001,2001,TRUE,"kept"
"Desmognathus_wrighti","pars_11.pars.log",5001,2001,TRUE,"kept"
"Desmognathus_wrighti","pars_12.pars.log",5001,2001,TRUE,"kept"
"Desmognathus_wrighti","pars_13.pars.log",5001,2001,TRUE,"kept"
"Desmognathus_wrighti","pars_14.pars.log",5001,2001,TRUE,"kept"
"Desmognathus_wrighti","pars_15.pars.log",5001,2001,TRUE,"kept"
"Desmognathus_wrighti","pars_16.pars.log",5001,2001,TRUE,"kept"
"Desmognathus_wrighti","pars_17.pars.log",5001,2001,TRUE,"kept"
"Desmognathus_wrighti","pars_18.pars.log",5001,2001,TRUE,"kept"
"Desmognathus_wrighti","pars_19.pars.log",5001,2001,TRUE,"kept"
"Desmognathus_wrighti","pars_2.pars.log",5001,2001,TRUE,"kept"
"Desmognathus_wrighti","pars_20.pars.log",5001,2001,TRUE,"kept"
"Desmognathus_wrighti","pars_3.pars.log",5001,2001,TRUE,"kept"
"Desmognathus_wrighti","pars_4.pars.log",5001,2001,TRUE,"kept"
"Desmognathus_wrighti","pars_5.pars.log",5001,2001,TRUE,"kept"
"Desmognathus_wrighti","pars_6.pars.log",5001,2001,TRUE,"kept"
"Desmognathus_wrighti","pars_7.pars.log",5001,2001,TRUE,"kept"
"Desmognathus_wrighti","pars_8.pars.log",5001,2001,TRUE,"kept"
"Desmognathus_wrighti","pars_9.pars.log",5001,2001,TRUE,"kept"
"Eurycea_aquatica","pars_1.pars.log",5001,2001,TRUE,"kept"
"Eurycea_aquatica","pars_10.pars.log",5001,2001,TRUE,"kept"
"Eurycea_aquatica","pars_11.pars.log",5001,2001,TRUE,"kept"
"Eurycea_aquatica","pars_12.pars.log",5001,2001,TRUE,"kept"
"Eurycea_aquatica","pars_2.pars.log",5001,2001,TRUE,"kept"
"Eurycea_aquatica","pars_3.pars.log",5001,2001,TRUE,"kept"
"Eurycea_aquatica","pars_4.pars.log",5001,2001,TRUE,"kept"
"Eurycea_aquatica","pars_5.pars.log",5001,2001,TRUE,"kept"
"Eurycea_aquatica","pars_6.pars.log",5001,2001,TRUE,"kept"
"Eurycea_aquatica","pars_7.pars.log",5001,2001,TRUE,"kept"
"Eurycea_aquatica","pars_8.pars.log",5001,2001,TRUE,"kept"
"Eurycea_aquatica","pars_9.pars.log",5001,2001,TRUE,"kept"
"Eurycea_bislineata","pars_1.pars.log",5001,2001,TRUE,"kept"
"Eurycea_bislineata","pars_10.pars.log",5001,2001,TRUE,"kept"
"Eurycea_bislineata","pars_11.pars.log",5001,2001,TRUE,"kept"
"Eurycea_bislineata","pars_12.pars.log",5001,2001,TRUE,"kept"
"Eurycea_bislineata","pars_13.pars.log",5001,2001,TRUE,"kept"
"Eurycea_bislineata","pars_14.pars.log",5001,2001,TRUE,"kept"
"Eurycea_bislineata","pars_15.pars.log",5001,2001,TRUE,"kept"
"Eurycea_bislineata","pars_16.pars.log",5001,2001,TRUE,"kept"
"Eurycea_bislineata","pars_2.pars.log",5001,2001,TRUE,"kept"
"Eurycea_bislineata","pars_3.pars.log",5001,2001,TRUE,"kept"
"Eurycea_bislineata","pars_4.pars.log",5001,2001,TRUE,"kept"
"Eurycea_bislineata","pars_5.pars.log",5001,2001,TRUE,"kept"
"Eurycea_bislineata","pars_6.pars.log",5001,2001,TRUE,"kept"
"Eurycea_bislineata","pars_7.pars.log",5001,2001,TRUE,"kept"
"Eurycea_bislineata","pars_8.pars.log",5001,2001,TRUE,"kept"
"Eurycea_bislineata","pars_9.pars.log",5001,2001,TRUE,"kept"
"Eurycea_chamberlaini","pars_1.pars.log",5001,2001,TRUE,"kept"
"Eurycea_chamberlaini","pars_10.pars.log",5001,2001,TRUE,"kept"
"Eurycea_chamberlaini","pars_11.pars.log",5001,2001,TRUE,"kept"
"Eurycea_chamberlaini","pars_12.pars.log",5001,2001,TRUE,"kept"
"Eurycea_chamberlaini","pars_13.pars.log",5001,2001,TRUE,"kept"
"Eurycea_chamberlaini","pars_14.pars.log",5001,2001,TRUE,"kept"
"Eurycea_chamberlaini","pars_15.pars.log",5001,2001,TRUE,"kept"
"Eurycea_chamberlaini","pars_16.pars.log",5001,2001,TRUE,"kept"
"Eurycea_chamberlaini","pars_2.pars.log",5001,2001,TRUE,"kept"
"Eurycea_chamberlaini","pars_3.pars.log",5001,2001,TRUE,"kept"
"Eurycea_chamberlaini","pars_4.pars.log",5001,2001,TRUE,"kept"
"Eurycea_chamberlaini","pars_5.pars.log",5001,2001,TRUE,"kept"
"Eurycea_chamberlaini","pars_6.pars.log",5001,2001,TRUE,"kept"
"Eurycea_chamberlaini","pars_7.pars.log",5001,2001,TRUE,"kept"
"Eurycea_chamberlaini","pars_8.pars.log",5001,2001,TRUE,"kept"
"Eurycea_chamberlaini","pars_9.pars.log",5001,2001,TRUE,"kept"
"Eurycea_cirrigera","pars_1.pars.log",5001,2001,TRUE,"kept"
"Eurycea_cirrigera","pars_10.pars.log",5001,2001,TRUE,"kept"
"Eurycea_cirrigera","pars_11.pars.log",5001,2001,TRUE,"kept"
"Eurycea_cirrigera","pars_12.pars.log",5001,2001,TRUE,"kept"
"Eurycea_cirrigera","pars_13.pars.log",5001,2001,TRUE,"kept"
"Eurycea_cirrigera","pars_14.pars.log",5001,2001,TRUE,"kept"
"Eurycea_cirrigera","pars_2.pars.log",5001,2001,TRUE,"kept"
"Eurycea_cirrigera","pars_3.pars.log",5001,2001,TRUE,"kept"
"Eurycea_cirrigera","pars_4.pars.log",5001,2001,TRUE,"kept"
"Eurycea_cirrigera","pars_5.pars.log",5001,2001,TRUE,"kept"
"Eurycea_cirrigera","pars_6.pars.log",5001,2001,TRUE,"kept"
"Eurycea_cirrigera","pars_7.pars.log",5001,2001,TRUE,"kept"
"Eurycea_cirrigera","pars_8.pars.log",5001,2001,TRUE,"kept"
"Eurycea_cirrigera","pars_9.pars.log",5001,2001,TRUE,"kept"
"Eurycea_guttolineata","pars_1.pars.log",5001,2001,TRUE,"kept"
"Eurycea_guttolineata","pars_10.pars.log",5001,2001,TRUE,"kept"
"Eurycea_guttolineata","pars_11.pars.log",5001,2001,TRUE,"kept"
"Eurycea_guttolineata","pars_12.pars.log",5001,2001,TRUE,"kept"
"Eurycea_guttolineata","pars_2.pars.log",5001,2001,TRUE,"kept"
"Eurycea_guttolineata","pars_3.pars.log",5001,2001,TRUE,"kept"
"Eurycea_guttolineata","pars_4.pars.log",5001,2001,TRUE,"kept"
"Eurycea_guttolineata","pars_5.pars.log",5001,2001,TRUE,"kept"
"Eurycea_guttolineata","pars_6.pars.log",5001,2001,TRUE,"kept"
"Eurycea_guttolineata","pars_7.pars.log",5001,2001,TRUE,"kept"
"Eurycea_guttolineata","pars_8.pars.log",5001,2001,TRUE,"kept"
"Eurycea_guttolineata","pars_9.pars.log",5001,2001,TRUE,"kept"
"Eurycea_junaluska","pars_1.pars.log",5001,2001,TRUE,"kept"
"Eurycea_junaluska","pars_2.pars.log",5001,2001,TRUE,"kept"
"Eurycea_junaluska","pars_3.pars.log",5001,2001,TRUE,"kept"
"Eurycea_junaluska","pars_4.pars.log",5001,2001,TRUE,"kept"
"Eurycea_junaluska","pars_5.pars.log",5001,2001,TRUE,"kept"
"Eurycea_junaluska","pars_6.pars.log",5001,2001,TRUE,"kept"
"Eurycea_junaluska","pars_7.pars.log",5001,2001,TRUE,"kept"
"Eurycea_lucifuga","pars_1.pars.log",5001,2001,TRUE,"kept"
"Eurycea_lucifuga","pars_10.pars.log",5001,2001,TRUE,"kept"
"Eurycea_lucifuga","pars_11.pars.log",5001,2001,TRUE,"kept"
"Eurycea_lucifuga","pars_12.pars.log",5001,2001,TRUE,"kept"
"Eurycea_lucifuga","pars_13.pars.log",5001,2001,TRUE,"kept"
"Eurycea_lucifuga","pars_14.pars.log",5001,2001,TRUE,"kept"
"Eurycea_lucifuga","pars_15.pars.log",5001,2001,TRUE,"kept"
"Eurycea_lucifuga","pars_16.pars.log",5001,2001,TRUE,"kept"
"Eurycea_lucifuga","pars_2.pars.log",5001,2001,TRUE,"kept"
"Eurycea_lucifuga","pars_3.pars.log",5001,2001,TRUE,"kept"
"Eurycea_lucifuga","pars_4.pars.log",5001,2001,TRUE,"kept"
"Eurycea_lucifuga","pars_5.pars.log",5001,2001,TRUE,"kept"
"Eurycea_lucifuga","pars_6.pars.log",5001,2001,TRUE,"kept"
"Eurycea_lucifuga","pars_7.pars.log",5001,2001,TRUE,"kept"
"Eurycea_lucifuga","pars_8.pars.log",5001,2001,TRUE,"kept"
"Eurycea_lucifuga","pars_9.pars.log",5001,2001,TRUE,"kept"
"Eurycea_multiplicata","pars_1.pars.log",5001,2001,TRUE,"kept"
"Eurycea_multiplicata","pars_10.pars.log",5001,2001,TRUE,"kept"
"Eurycea_multiplicata","pars_11.pars.log",5001,2001,TRUE,"kept"
"Eurycea_multiplicata","pars_12.pars.log",5001,2001,TRUE,"kept"
"Eurycea_multiplicata","pars_13.pars.log",5001,2001,TRUE,"kept"
"Eurycea_multiplicata","pars_14.pars.log",5001,2001,TRUE,"kept"
"Eurycea_multiplicata","pars_15.pars.log",5001,2001,TRUE,"kept"
"Eurycea_multiplicata","pars_2.pars.log",5001,2001,TRUE,"kept"
"Eurycea_multiplicata","pars_3.pars.log",5001,2001,TRUE,"kept"
"Eurycea_multiplicata","pars_4.pars.log",5001,2001,TRUE,"kept"
"Eurycea_multiplicata","pars_5.pars.log",5001,2001,TRUE,"kept"
"Eurycea_multiplicata","pars_6.pars.log",5001,2001,TRUE,"kept"
"Eurycea_multiplicata","pars_7.pars.log",5001,2001,TRUE,"kept"
"Eurycea_multiplicata","pars_8.pars.log",5001,2001,TRUE,"kept"
"Eurycea_multiplicata","pars_9.pars.log",5001,2001,TRUE,"kept"
"Eurycea_paludicola","pars_1.pars.log",5001,2001,TRUE,"kept"
"Eurycea_paludicola","pars_10.pars.log",5001,2001,TRUE,"kept"
"Eurycea_paludicola","pars_11.pars.log",5001,2001,TRUE,"kept"
"Eurycea_paludicola","pars_2.pars.log",5001,2001,TRUE,"kept"
"Eurycea_paludicola","pars_3.pars.log",5001,2001,TRUE,"kept"
"Eurycea_paludicola","pars_4.pars.log",5001,2001,TRUE,"kept"
"Eurycea_paludicola","pars_5.pars.log",5001,2001,TRUE,"kept"
"Eurycea_paludicola","pars_6.pars.log",5001,2001,TRUE,"kept"
"Eurycea_paludicola","pars_7.pars.log",5001,2001,TRUE,"kept"
"Eurycea_paludicola","pars_8.pars.log",5001,2001,TRUE,"kept"
"Eurycea_paludicola","pars_9.pars.log",5001,2001,TRUE,"kept"
"Eurycea_spelaea","pars_1.pars.log",5001,2001,TRUE,"kept"
"Eurycea_spelaea","pars_10.pars.log",5001,2001,TRUE,"kept"
"Eurycea_spelaea","pars_11.pars.log",5001,2001,TRUE,"kept"
"Eurycea_spelaea","pars_12.pars.log",5001,2001,TRUE,"kept"
"Eurycea_spelaea","pars_13.pars.log",5001,2001,TRUE,"kept"
"Eurycea_spelaea","pars_14.pars.log",5001,2001,TRUE,"kept"
"Eurycea_spelaea","pars_15.pars.log",5001,2001,TRUE,"kept"
"Eurycea_spelaea","pars_16.pars.log",5001,2001,TRUE,"kept"
"Eurycea_spelaea","pars_2.pars.log",5001,2001,TRUE,"kept"
"Eurycea_spelaea","pars_3.pars.log",5001,2001,TRUE,"kept"
"Eurycea_spelaea","pars_4.pars.log",5001,2001,TRUE,"kept"
"Eurycea_spelaea","pars_5.pars.log",5001,2001,TRUE,"kept"
"Eurycea_spelaea","pars_6.pars.log",5001,2001,TRUE,"kept"
"Eurycea_spelaea","pars_7.pars.log",5001,2001,TRUE,"kept"
"Eurycea_spelaea","pars_8.pars.log",5001,2001,TRUE,"kept"
"Eurycea_spelaea","pars_9.pars.log",5001,2001,TRUE,"kept"
"Eurycea_wilderae","pars_1.pars.log",5001,2001,TRUE,"kept"
"Eurycea_wilderae","pars_2.pars.log",5001,2001,TRUE,"kept"
"Eurycea_wilderae","pars_3.pars.log",5001,2001,TRUE,"kept"
"Eurycea_wilderae","pars_4.pars.log",5001,2001,TRUE,"kept"
"Eurycea_wilderae","pars_5.pars.log",5001,2001,TRUE,"kept"
"Eurycea_wilderae","pars_6.pars.log",5001,2001,TRUE,"kept"
"Eurycea_wilderae","pars_7.pars.log",5001,2001,TRUE,"kept"
"Gyrinophilus_gulolineatus","pars_1.pars.log",5001,2001,TRUE,"kept"
"Gyrinophilus_gulolineatus","pars_10.pars.log",5001,2001,TRUE,"kept"
"Gyrinophilus_gulolineatus","pars_11.pars.log",5001,2001,TRUE,"kept"
"Gyrinophilus_gulolineatus","pars_12.pars.log",5001,2001,TRUE,"kept"
"Gyrinophilus_gulolineatus","pars_13.pars.log",5001,2001,TRUE,"kept"
"Gyrinophilus_gulolineatus","pars_2.pars.log",5001,2001,TRUE,"kept"
"Gyrinophilus_gulolineatus","pars_3.pars.log",5001,2001,TRUE,"kept"
"Gyrinophilus_gulolineatus","pars_4.pars.log",5001,2001,TRUE,"kept"
"Gyrinophilus_gulolineatus","pars_5.pars.log",5001,2001,TRUE,"kept"
"Gyrinophilus_gulolineatus","pars_6.pars.log",5001,2001,TRUE,"kept"
"Gyrinophilus_gulolineatus","pars_7.pars.log",5001,2001,TRUE,"kept"
"Gyrinophilus_gulolineatus","pars_8.pars.log",5001,2001,TRUE,"kept"
"Gyrinophilus_gulolineatus","pars_9.pars.log",5001,2001,TRUE,"kept"
"Gyrinophilus_palleucus","pars_1.pars.log",5001,2001,TRUE,"kept"
"Gyrinophilus_palleucus","pars_10.pars.log",5001,2001,TRUE,"kept"
"Gyrinophilus_palleucus","pars_11.pars.log",5001,2001,TRUE,"kept"
"Gyrinophilus_palleucus","pars_12.pars.log",5001,2001,TRUE,"kept"
"Gyrinophilus_palleucus","pars_13.pars.log",5001,2001,TRUE,"kept"
"Gyrinophilus_palleucus","pars_14.pars.log",5001,2001,TRUE,"kept"
"Gyrinophilus_palleucus","pars_2.pars.log",5001,2001,TRUE,"kept"
"Gyrinophilus_palleucus","pars_3.pars.log",5001,2001,TRUE,"kept"
"Gyrinophilus_palleucus","pars_4.pars.log",5001,2001,TRUE,"kept"
"Gyrinophilus_palleucus","pars_5.pars.log",5001,2001,TRUE,"kept"
"Gyrinophilus_palleucus","pars_6.pars.log",5001,2001,TRUE,"kept"
"Gyrinophilus_palleucus","pars_7.pars.log",5001,2001,TRUE,"kept"
"Gyrinophilus_palleucus","pars_8.pars.log",5001,2001,TRUE,"kept"
"Gyrinophilus_palleucus","pars_9.pars.log",5001,2001,TRUE,"kept"
"Phaeognathus_hubrichti","pars_1.pars.log",5001,2001,TRUE,"kept"
"Phaeognathus_hubrichti","pars_10.pars.log",5001,2001,TRUE,"kept"
"Phaeognathus_hubrichti","pars_11.pars.log",5001,2001,TRUE,"kept"
"Phaeognathus_hubrichti","pars_12.pars.log",5001,2001,TRUE,"kept"
"Phaeognathus_hubrichti","pars_13.pars.log",5001,2001,TRUE,"kept"
"Phaeognathus_hubrichti","pars_14.pars.log",5001,2001,TRUE,"kept"
"Phaeognathus_hubrichti","pars_15.pars.log",5001,2001,TRUE,"kept"
"Phaeognathus_hubrichti","pars_16.pars.log",5001,2001,TRUE,"kept"
"Phaeognathus_hubrichti","pars_17.pars.log",5001,2001,TRUE,"kept"
"Phaeognathus_hubrichti","pars_2.pars.log",5001,2001,TRUE,"kept"
"Phaeognathus_hubrichti","pars_3.pars.log",5001,2001,TRUE,"kept"
"Phaeognathus_hubrichti","pars_4.pars.log",5001,2001,TRUE,"kept"
"Phaeognathus_hubrichti","pars_5.pars.log",5001,2001,TRUE,"kept"
"Phaeognathus_hubrichti","pars_6.pars.log",5001,2001,TRUE,"kept"
"Phaeognathus_hubrichti","pars_7.pars.log",5001,2001,TRUE,"kept"
"Phaeognathus_hubrichti","pars_8.pars.log",5001,2001,TRUE,"kept"
"Phaeognathus_hubrichti","pars_9.pars.log",5001,2001,TRUE,"kept"
"Plethodon_amplus","pars_1.pars.log",5001,2001,TRUE,"kept"
"Plethodon_amplus","pars_10.pars.log",5001,2001,TRUE,"kept"
"Plethodon_amplus","pars_2.pars.log",5001,2001,TRUE,"kept"
"Plethodon_amplus","pars_3.pars.log",5001,2001,TRUE,"kept"
"Plethodon_amplus","pars_4.pars.log",5001,2001,TRUE,"kept"
"Plethodon_amplus","pars_5.pars.log",5001,2001,TRUE,"kept"
"Plethodon_amplus","pars_6.pars.log",5001,2001,TRUE,"kept"
"Plethodon_amplus","pars_7.pars.log",5001,2001,TRUE,"kept"
"Plethodon_amplus","pars_8.pars.log",5001,2001,TRUE,"kept"
"Plethodon_amplus","pars_9.pars.log",5001,2001,TRUE,"kept"
"Plethodon_angusticlavius","pars_1.pars.log",5001,2001,TRUE,"kept"
"Plethodon_angusticlavius","pars_10.pars.log",5001,2001,TRUE,"kept"
"Plethodon_angusticlavius","pars_11.pars.log",5001,2001,TRUE,"kept"
"Plethodon_angusticlavius","pars_12.pars.log",5001,2001,TRUE,"kept"
"Plethodon_angusticlavius","pars_13.pars.log",5001,2001,TRUE,"kept"
"Plethodon_angusticlavius","pars_14.pars.log",5001,2001,TRUE,"kept"
"Plethodon_angusticlavius","pars_2.pars.log",5001,2001,TRUE,"kept"
"Plethodon_angusticlavius","pars_3.pars.log",5001,2001,TRUE,"kept"
"Plethodon_angusticlavius","pars_4.pars.log",5001,2001,TRUE,"kept"
"Plethodon_angusticlavius","pars_5.pars.log",5001,2001,TRUE,"kept"
"Plethodon_angusticlavius","pars_6.pars.log",5001,2001,TRUE,"kept"
"Plethodon_angusticlavius","pars_7.pars.log",5001,2001,TRUE,"kept"
"Plethodon_angusticlavius","pars_8.pars.log",5001,2001,TRUE,"kept"
"Plethodon_angusticlavius","pars_9.pars.log",5001,2001,TRUE,"kept"
"Plethodon_aureolus","pars_1.pars.log",5001,2001,TRUE,"kept"
"Plethodon_aureolus","pars_2.pars.log",5001,2001,TRUE,"kept"
"Plethodon_aureolus","pars_3.pars.log",5001,2001,TRUE,"kept"
"Plethodon_aureolus","pars_4.pars.log",5001,2001,TRUE,"kept"
"Plethodon_aureolus","pars_5.pars.log",5001,2001,TRUE,"kept"
"Plethodon_aureolus","pars_6.pars.log",5001,2001,TRUE,"kept"
"Plethodon_aureolus","pars_7.pars.log",5001,2001,TRUE,"kept"
"Plethodon_aureolus","pars_8.pars.log",5001,2001,TRUE,"kept"
"Plethodon_caddoensis","pars_1.pars.log",5001,2001,TRUE,"kept"
"Plethodon_caddoensis","pars_10.pars.log",5001,2001,TRUE,"kept"
"Plethodon_caddoensis","pars_11.pars.log",5001,2001,TRUE,"kept"
"Plethodon_caddoensis","pars_12.pars.log",5001,2001,TRUE,"kept"
"Plethodon_caddoensis","pars_2.pars.log",5001,2001,TRUE,"kept"
"Plethodon_caddoensis","pars_3.pars.log",5001,2001,TRUE,"kept"
"Plethodon_caddoensis","pars_4.pars.log",5001,2001,TRUE,"kept"
"Plethodon_caddoensis","pars_5.pars.log",5001,2001,TRUE,"kept"
"Plethodon_caddoensis","pars_6.pars.log",5001,2001,TRUE,"kept"
"Plethodon_caddoensis","pars_7.pars.log",5001,2001,TRUE,"kept"
"Plethodon_caddoensis","pars_8.pars.log",5001,2001,TRUE,"kept"
"Plethodon_caddoensis","pars_9.pars.log",5001,2001,TRUE,"kept"
"Plethodon_chattahoochee","pars_1.pars.log",5001,2001,TRUE,"kept"
"Plethodon_chattahoochee","pars_10.pars.log",5001,2001,TRUE,"kept"
"Plethodon_chattahoochee","pars_11.pars.log",5001,2001,TRUE,"kept"
"Plethodon_chattahoochee","pars_12.pars.log",5001,2001,TRUE,"kept"
"Plethodon_chattahoochee","pars_13.pars.log",5001,2001,TRUE,"kept"
"Plethodon_chattahoochee","pars_14.pars.log",5001,2001,TRUE,"kept"
"Plethodon_chattahoochee","pars_15.pars.log",5001,2001,TRUE,"kept"
"Plethodon_chattahoochee","pars_16.pars.log",5001,2001,TRUE,"kept"
"Plethodon_chattahoochee","pars_2.pars.log",5001,2001,TRUE,"kept"
"Plethodon_chattahoochee","pars_3.pars.log",5001,2001,TRUE,"kept"
"Plethodon_chattahoochee","pars_4.pars.log",5001,2001,TRUE,"kept"
"Plethodon_chattahoochee","pars_5.pars.log",5001,2001,TRUE,"kept"
"Plethodon_chattahoochee","pars_6.pars.log",5001,2001,TRUE,"kept"
"Plethodon_chattahoochee","pars_7.pars.log",5001,2001,TRUE,"kept"
"Plethodon_chattahoochee","pars_8.pars.log",5001,2001,TRUE,"kept"
"Plethodon_chattahoochee","pars_9.pars.log",5001,2001,TRUE,"kept"
"Plethodon_chlorobryonis","pars_1.pars.log",5001,2001,TRUE,"kept"
"Plethodon_chlorobryonis","pars_10.pars.log",5001,2001,TRUE,"kept"
"Plethodon_chlorobryonis","pars_11.pars.log",5001,2001,TRUE,"kept"
"Plethodon_chlorobryonis","pars_12.pars.log",5001,2001,TRUE,"kept"
"Plethodon_chlorobryonis","pars_13.pars.log",5001,2001,TRUE,"kept"
"Plethodon_chlorobryonis","pars_14.pars.log",5001,2001,TRUE,"kept"
"Plethodon_chlorobryonis","pars_2.pars.log",5001,2001,TRUE,"kept"
"Plethodon_chlorobryonis","pars_3.pars.log",5001,2001,TRUE,"kept"
"Plethodon_chlorobryonis","pars_4.pars.log",5001,2001,TRUE,"kept"
"Plethodon_chlorobryonis","pars_5.pars.log",5001,2001,TRUE,"kept"
"Plethodon_chlorobryonis","pars_6.pars.log",5001,2001,TRUE,"kept"
"Plethodon_chlorobryonis","pars_7.pars.log",5001,2001,TRUE,"kept"
"Plethodon_chlorobryonis","pars_8.pars.log",5001,2001,TRUE,"kept"
"Plethodon_chlorobryonis","pars_9.pars.log",5001,2001,TRUE,"kept"
"Plethodon_cinereus","pars_1.pars.log",5001,2001,TRUE,"kept"
"Plethodon_cinereus","pars_10.pars.log",5001,2001,TRUE,"kept"
"Plethodon_cinereus","pars_11.pars.log",5001,2001,TRUE,"kept"
"Plethodon_cinereus","pars_12.pars.log",5001,2001,TRUE,"kept"
"Plethodon_cinereus","pars_2.pars.log",5001,2001,TRUE,"kept"
"Plethodon_cinereus","pars_3.pars.log",5001,2001,TRUE,"kept"
"Plethodon_cinereus","pars_4.pars.log",5001,2001,TRUE,"kept"
"Plethodon_cinereus","pars_5.pars.log",5001,2001,TRUE,"kept"
"Plethodon_cinereus","pars_6.pars.log",5001,2001,TRUE,"kept"
"Plethodon_cinereus","pars_7.pars.log",5001,2001,TRUE,"kept"
"Plethodon_cinereus","pars_8.pars.log",5001,2001,TRUE,"kept"
"Plethodon_cinereus","pars_9.pars.log",5001,2001,TRUE,"kept"
"Plethodon_cylindraceus","pars_1.pars.log",5001,2001,TRUE,"kept"
"Plethodon_cylindraceus","pars_10.pars.log",5001,2001,TRUE,"kept"
"Plethodon_cylindraceus","pars_11.pars.log",5001,2001,TRUE,"kept"
"Plethodon_cylindraceus","pars_2.pars.log",5001,2001,TRUE,"kept"
"Plethodon_cylindraceus","pars_3.pars.log",5001,2001,TRUE,"kept"
"Plethodon_cylindraceus","pars_4.pars.log",5001,2001,TRUE,"kept"
"Plethodon_cylindraceus","pars_5.pars.log",5001,2001,TRUE,"kept"
"Plethodon_cylindraceus","pars_6.pars.log",5001,2001,TRUE,"kept"
"Plethodon_cylindraceus","pars_7.pars.log",5001,2001,TRUE,"kept"
"Plethodon_cylindraceus","pars_8.pars.log",5001,2001,TRUE,"kept"
"Plethodon_cylindraceus","pars_9.pars.log",5001,2001,TRUE,"kept"
"Plethodon_dorsalis","pars_1.pars.log",5001,2001,TRUE,"kept"
"Plethodon_dorsalis","pars_10.pars.log",5001,2001,TRUE,"kept"
"Plethodon_dorsalis","pars_11.pars.log",5001,2001,TRUE,"kept"
"Plethodon_dorsalis","pars_12.pars.log",5001,2001,TRUE,"kept"
"Plethodon_dorsalis","pars_13.pars.log",5001,2001,TRUE,"kept"
"Plethodon_dorsalis","pars_14.pars.log",5001,2001,TRUE,"kept"
"Plethodon_dorsalis","pars_15.pars.log",5001,2001,TRUE,"kept"
"Plethodon_dorsalis","pars_16.pars.log",5001,2001,TRUE,"kept"
"Plethodon_dorsalis","pars_2.pars.log",5001,2001,TRUE,"kept"
"Plethodon_dorsalis","pars_3.pars.log",5001,2001,TRUE,"kept"
"Plethodon_dorsalis","pars_4.pars.log",5001,2001,TRUE,"kept"
"Plethodon_dorsalis","pars_5.pars.log",5001,2001,TRUE,"kept"
"Plethodon_dorsalis","pars_6.pars.log",5001,2001,TRUE,"kept"
"Plethodon_dorsalis","pars_7.pars.log",5001,2001,TRUE,"kept"
"Plethodon_dorsalis","pars_8.pars.log",5001,2001,TRUE,"kept"
"Plethodon_dorsalis","pars_9.pars.log",5001,2001,TRUE,"kept"
"Plethodon_electromorphus","pars_1.pars.log",5001,2001,TRUE,"kept"
"Plethodon_electromorphus","pars_10.pars.log",5001,2001,TRUE,"kept"
"Plethodon_electromorphus","pars_11.pars.log",5001,2001,TRUE,"kept"
"Plethodon_electromorphus","pars_12.pars.log",5001,2001,TRUE,"kept"
"Plethodon_electromorphus","pars_13.pars.log",5001,2001,TRUE,"kept"
"Plethodon_electromorphus","pars_14.pars.log",5001,2001,TRUE,"kept"
"Plethodon_electromorphus","pars_15.pars.log",5001,2001,TRUE,"kept"
"Plethodon_electromorphus","pars_16.pars.log",5001,2001,TRUE,"kept"
"Plethodon_electromorphus","pars_2.pars.log",5001,2001,TRUE,"kept"
"Plethodon_electromorphus","pars_3.pars.log",5001,2001,TRUE,"kept"
"Plethodon_electromorphus","pars_4.pars.log",5001,2001,TRUE,"kept"
"Plethodon_electromorphus","pars_4_1.pars.log",5001,2001,TRUE,"kept"
"Plethodon_electromorphus","pars_5.pars.log",5001,2001,TRUE,"kept"
"Plethodon_electromorphus","pars_6.pars.log",5001,2001,TRUE,"kept"
"Plethodon_electromorphus","pars_7.pars.log",5001,2001,TRUE,"kept"
"Plethodon_electromorphus","pars_8.pars.log",5001,2001,TRUE,"kept"
"Plethodon_electromorphus","pars_9.pars.log",5001,2001,TRUE,"kept"
"Plethodon_fourchensis","pars_1.pars.log",5001,2001,TRUE,"kept"
"Plethodon_fourchensis","pars_10.pars.log",5001,2001,TRUE,"kept"
"Plethodon_fourchensis","pars_11.pars.log",5001,2001,TRUE,"kept"
"Plethodon_fourchensis","pars_12.pars.log",5001,2001,TRUE,"kept"
"Plethodon_fourchensis","pars_13.pars.log",5001,2001,TRUE,"kept"
"Plethodon_fourchensis","pars_14.pars.log",5001,2001,TRUE,"kept"
"Plethodon_fourchensis","pars_15.pars.log",5001,2001,TRUE,"kept"
"Plethodon_fourchensis","pars_16.pars.log",5001,2001,TRUE,"kept"
"Plethodon_fourchensis","pars_17.pars.log",5001,2001,TRUE,"kept"
"Plethodon_fourchensis","pars_18.pars.log",5001,2001,TRUE,"kept"
"Plethodon_fourchensis","pars_2.pars.log",5001,2001,TRUE,"kept"
"Plethodon_fourchensis","pars_3.pars.log",5001,2001,TRUE,"kept"
"Plethodon_fourchensis","pars_4.pars.log",5001,2001,TRUE,"kept"
"Plethodon_fourchensis","pars_5.pars.log",5001,2001,TRUE,"kept"
"Plethodon_fourchensis","pars_6.pars.log",5001,2001,TRUE,"kept"
"Plethodon_fourchensis","pars_7.pars.log",5001,2001,TRUE,"kept"
"Plethodon_fourchensis","pars_8.pars.log",5001,2001,TRUE,"kept"
"Plethodon_fourchensis","pars_9.pars.log",5001,2001,TRUE,"kept"
"Plethodon_glutinosus","pars_1.pars.log",5001,2001,TRUE,"kept"
"Plethodon_glutinosus","pars_10.pars.log",5001,2001,TRUE,"kept"
"Plethodon_glutinosus","pars_11.pars.log",5001,2001,TRUE,"kept"
"Plethodon_glutinosus","pars_2.pars.log",5001,2001,TRUE,"kept"
"Plethodon_glutinosus","pars_3.pars.log",5001,2001,TRUE,"kept"
"Plethodon_glutinosus","pars_4.pars.log",5001,2001,TRUE,"kept"
"Plethodon_glutinosus","pars_5.pars.log",5001,2001,TRUE,"kept"
"Plethodon_glutinosus","pars_6.pars.log",5001,2001,TRUE,"kept"
"Plethodon_glutinosus","pars_7.pars.log",5001,2001,TRUE,"kept"
"Plethodon_glutinosus","pars_8.pars.log",5001,2001,TRUE,"kept"
"Plethodon_glutinosus","pars_9.pars.log",5001,2001,TRUE,"kept"
"Plethodon_grobmani","pars_1.pars.log",5001,2001,TRUE,"kept"
"Plethodon_grobmani","pars_2.pars.log",5001,2001,TRUE,"kept"
"Plethodon_grobmani","pars_3.pars.log",5001,2001,TRUE,"kept"
"Plethodon_grobmani","pars_4.pars.log",5001,2001,TRUE,"kept"
"Plethodon_grobmani","pars_5.pars.log",5001,2001,TRUE,"kept"
"Plethodon_grobmani","pars_6.pars.log",5001,2001,TRUE,"kept"
"Plethodon_grobmani","pars_7.pars.log",5001,2001,TRUE,"kept"
"Plethodon_hoffmani","pars_1.pars.log",5001,2001,TRUE,"kept"
"Plethodon_hoffmani","pars_10.pars.log",5001,2001,TRUE,"kept"
"Plethodon_hoffmani","pars_11.pars.log",5001,2001,TRUE,"kept"
"Plethodon_hoffmani","pars_2.pars.log",5001,2001,TRUE,"kept"
"Plethodon_hoffmani","pars_3.pars.log",5001,2001,TRUE,"kept"
"Plethodon_hoffmani","pars_4.pars.log",5001,2001,TRUE,"kept"
"Plethodon_hoffmani","pars_5.pars.log",5001,2001,TRUE,"kept"
"Plethodon_hoffmani","pars_6.pars.log",5001,2001,TRUE,"kept"
"Plethodon_hoffmani","pars_7.pars.log",5001,2001,TRUE,"kept"
"Plethodon_hoffmani","pars_8.pars.log",5001,2001,TRUE,"kept"
"Plethodon_hoffmani","pars_9.pars.log",5001,2001,TRUE,"kept"
"Plethodon_hubrichti","pars_1.pars.log",5001,2001,TRUE,"kept"
"Plethodon_hubrichti","pars_10.pars.log",5001,2001,TRUE,"kept"
"Plethodon_hubrichti","pars_11.pars.log",5001,2001,TRUE,"kept"
"Plethodon_hubrichti","pars_12.pars.log",5001,2001,TRUE,"kept"
"Plethodon_hubrichti","pars_13.pars.log",5001,2001,TRUE,"kept"
"Plethodon_hubrichti","pars_14.pars.log",5001,2001,TRUE,"kept"
"Plethodon_hubrichti","pars_2.pars.log",5001,2001,TRUE,"kept"
"Plethodon_hubrichti","pars_3.pars.log",5001,2001,TRUE,"kept"
"Plethodon_hubrichti","pars_4.pars.log",5001,2001,TRUE,"kept"
"Plethodon_hubrichti","pars_5.pars.log",5001,2001,TRUE,"kept"
"Plethodon_hubrichti","pars_6.pars.log",5001,2001,TRUE,"kept"
"Plethodon_hubrichti","pars_7.pars.log",5001,2001,TRUE,"kept"
"Plethodon_hubrichti","pars_8.pars.log",5001,2001,TRUE,"kept"
"Plethodon_hubrichti","pars_9.pars.log",5001,2001,TRUE,"kept"
"Plethodon_jordani","pars_1.pars.log",5001,2001,TRUE,"kept"
"Plethodon_jordani","pars_10.pars.log",5001,2001,TRUE,"kept"
"Plethodon_jordani","pars_2.pars.log",5001,2001,TRUE,"kept"
"Plethodon_jordani","pars_3.pars.log",5001,2001,TRUE,"kept"
"Plethodon_jordani","pars_4.pars.log",5001,2001,TRUE,"kept"
"Plethodon_jordani","pars_5.pars.log",5001,2001,TRUE,"kept"
"Plethodon_jordani","pars_6.pars.log",5001,2001,TRUE,"kept"
"Plethodon_jordani","pars_7.pars.log",5001,2001,TRUE,"kept"
"Plethodon_jordani","pars_8.pars.log",5001,2001,TRUE,"kept"
"Plethodon_jordani","pars_9.pars.log",5001,2001,TRUE,"kept"
"Plethodon_kentucki","pars_1.pars.log",5001,2001,TRUE,"kept"
"Plethodon_kentucki","pars_2.pars.log",5001,2001,TRUE,"kept"
"Plethodon_kentucki","pars_3.pars.log",5001,2001,TRUE,"kept"
"Plethodon_kentucki","pars_4.pars.log",5001,2001,TRUE,"kept"
"Plethodon_kentucki","pars_5.pars.log",5001,2001,TRUE,"kept"
"Plethodon_kentucki","pars_6.pars.log",5001,2001,TRUE,"kept"
"Plethodon_kentucki","pars_7.pars.log",5001,2001,TRUE,"kept"
"Plethodon_kentucki","pars_8.pars.log",5001,2001,TRUE,"kept"
"Plethodon_kentucki","pars_9.pars.log",5001,2001,TRUE,"kept"
"Plethodon_kiamichi","pars_1.pars.log",5001,2001,TRUE,"kept"
"Plethodon_kiamichi","pars_2.pars.log",5001,2001,TRUE,"kept"
"Plethodon_kiamichi","pars_3.pars.log",5001,2001,TRUE,"kept"
"Plethodon_kiamichi","pars_4.pars.log",5001,2001,TRUE,"kept"
"Plethodon_kiamichi","pars_5.pars.log",5001,2001,TRUE,"kept"
"Plethodon_kiamichi","pars_5_1.pars.log",5001,2001,TRUE,"kept"
"Plethodon_kiamichi","pars_6.pars.log",5001,2001,TRUE,"kept"
"Plethodon_kiamichi","pars_7.pars.log",5001,2001,TRUE,"kept"
"Plethodon_kiamichi","pars_8.pars.log",5001,2001,TRUE,"kept"
"Plethodon_kiamichi","pars_9.pars.log",5001,2001,TRUE,"kept"
"Plethodon_kisatchie","pars_1.pars.log",5001,2001,TRUE,"kept"
"Plethodon_kisatchie","pars_10.pars.log",5001,2001,TRUE,"kept"
"Plethodon_kisatchie","pars_11.pars.log",5001,2001,TRUE,"kept"
"Plethodon_kisatchie","pars_2.pars.log",5001,2001,TRUE,"kept"
"Plethodon_kisatchie","pars_3.pars.log",5001,2001,TRUE,"kept"
"Plethodon_kisatchie","pars_4.pars.log",5001,2001,TRUE,"kept"
"Plethodon_kisatchie","pars_5.pars.log",5001,2001,TRUE,"kept"
"Plethodon_kisatchie","pars_6.pars.log",5001,2001,TRUE,"kept"
"Plethodon_kisatchie","pars_7.pars.log",5001,2001,TRUE,"kept"
"Plethodon_kisatchie","pars_8.pars.log",5001,2001,TRUE,"kept"
"Plethodon_kisatchie","pars_9.pars.log",5001,2001,TRUE,"kept"
"Plethodon_longicrus","pars_1.pars.log",5001,2001,TRUE,"kept"
"Plethodon_longicrus","pars_2.pars.log",5001,2001,TRUE,"kept"
"Plethodon_longicrus","pars_3.pars.log",5001,2001,TRUE,"kept"
"Plethodon_longicrus","pars_4.pars.log",5001,2001,TRUE,"kept"
"Plethodon_longicrus","pars_5.pars.log",5001,2001,TRUE,"kept"
"Plethodon_longicrus","pars_6.pars.log",5001,2001,TRUE,"kept"
"Plethodon_meridianus","pars_1.pars.log",5001,2001,TRUE,"kept"
"Plethodon_meridianus","pars_10.pars.log",5001,2001,TRUE,"kept"
"Plethodon_meridianus","pars_11.pars.log",5001,2001,TRUE,"kept"
"Plethodon_meridianus","pars_12.pars.log",5001,2001,TRUE,"kept"
"Plethodon_meridianus","pars_13.pars.log",5001,2001,TRUE,"kept"
"Plethodon_meridianus","pars_2.pars.log",5001,2001,TRUE,"kept"
"Plethodon_meridianus","pars_3.pars.log",5001,2001,TRUE,"kept"
"Plethodon_meridianus","pars_4.pars.log",5001,2001,TRUE,"kept"
"Plethodon_meridianus","pars_5.pars.log",5001,2001,TRUE,"kept"
"Plethodon_meridianus","pars_6.pars.log",5001,2001,TRUE,"kept"
"Plethodon_meridianus","pars_7.pars.log",5001,2001,TRUE,"kept"
"Plethodon_meridianus","pars_8.pars.log",5001,2001,TRUE,"kept"
"Plethodon_meridianus","pars_9.pars.log",5001,2001,TRUE,"kept"
"Plethodon_metcalfi","pars_1.pars.log",5001,2001,TRUE,"kept"
"Plethodon_metcalfi","pars_10.pars.log",5001,2001,TRUE,"kept"
"Plethodon_metcalfi","pars_11.pars.log",5001,2001,TRUE,"kept"
"Plethodon_metcalfi","pars_12.pars.log",5001,2001,TRUE,"kept"
"Plethodon_metcalfi","pars_13.pars.log",5001,2001,TRUE,"kept"
"Plethodon_metcalfi","pars_14.pars.log",5001,2001,TRUE,"kept"
"Plethodon_metcalfi","pars_15.pars.log",5001,2001,TRUE,"kept"
"Plethodon_metcalfi","pars_16.pars.log",5001,2001,TRUE,"kept"
"Plethodon_metcalfi","pars_17.pars.log",5001,2001,TRUE,"kept"
"Plethodon_metcalfi","pars_18.pars.log",5001,2001,TRUE,"kept"
"Plethodon_metcalfi","pars_19.pars.log",5001,2001,TRUE,"kept"
"Plethodon_metcalfi","pars_2.pars.log",5001,2001,TRUE,"kept"
"Plethodon_metcalfi","pars_3.pars.log",5001,2001,TRUE,"kept"
"Plethodon_metcalfi","pars_4.pars.log",5001,2001,TRUE,"kept"
"Plethodon_metcalfi","pars_5.pars.log",5001,2001,TRUE,"kept"
"Plethodon_metcalfi","pars_6.pars.log",5001,2001,TRUE,"kept"
"Plethodon_metcalfi","pars_7.pars.log",5001,2001,TRUE,"kept"
"Plethodon_metcalfi","pars_8.pars.log",5001,2001,TRUE,"kept"
"Plethodon_metcalfi","pars_9.pars.log",5001,2001,TRUE,"kept"
"Plethodon_mississippi","pars_1.pars.log",5001,2001,TRUE,"kept"
"Plethodon_mississippi","pars_10.pars.log",5001,2001,TRUE,"kept"
"Plethodon_mississippi","pars_11.pars.log",5001,2001,TRUE,"kept"
"Plethodon_mississippi","pars_2.pars.log",5001,2001,TRUE,"kept"
"Plethodon_mississippi","pars_3.pars.log",5001,2001,TRUE,"kept"
"Plethodon_mississippi","pars_4.pars.log",5001,2001,TRUE,"kept"
"Plethodon_mississippi","pars_5.pars.log",5001,2001,TRUE,"kept"
"Plethodon_mississippi","pars_6.pars.log",5001,2001,TRUE,"kept"
"Plethodon_mississippi","pars_7.pars.log",5001,2001,TRUE,"kept"
"Plethodon_mississippi","pars_8.pars.log",5001,2001,TRUE,"kept"
"Plethodon_mississippi","pars_9.pars.log",5001,2001,TRUE,"kept"
"Plethodon_montanus","pars_1.pars.log",5001,2001,TRUE,"kept"
"Plethodon_montanus","pars_10.pars.log",5001,2001,TRUE,"kept"
"Plethodon_montanus","pars_11.pars.log",5001,2001,TRUE,"kept"
"Plethodon_montanus","pars_12.pars.log",5001,2001,TRUE,"kept"
"Plethodon_montanus","pars_2.pars.log",5001,2001,TRUE,"kept"
"Plethodon_montanus","pars_3.pars.log",5001,2001,TRUE,"kept"
"Plethodon_montanus","pars_4.pars.log",5001,2001,TRUE,"kept"
"Plethodon_montanus","pars_5.pars.log",5001,2001,TRUE,"kept"
"Plethodon_montanus","pars_6.pars.log",5001,2001,TRUE,"kept"
"Plethodon_montanus","pars_7.pars.log",5001,2001,TRUE,"kept"
"Plethodon_montanus","pars_8.pars.log",5001,2001,TRUE,"kept"
"Plethodon_montanus","pars_9.pars.log",5001,2001,TRUE,"kept"
"Plethodon_nettingi","pars_1.pars.log",5001,2001,TRUE,"kept"
"Plethodon_nettingi","pars_10.pars.log",5001,2001,TRUE,"kept"
"Plethodon_nettingi","pars_11.pars.log",5001,2001,TRUE,"kept"
"Plethodon_nettingi","pars_2.pars.log",5001,2001,TRUE,"kept"
"Plethodon_nettingi","pars_3.pars.log",5001,2001,TRUE,"kept"
"Plethodon_nettingi","pars_4.pars.log",5001,2001,TRUE,"kept"
"Plethodon_nettingi","pars_5.pars.log",5001,2001,TRUE,"kept"
"Plethodon_nettingi","pars_6.pars.log",5001,2001,TRUE,"kept"
"Plethodon_nettingi","pars_7.pars.log",5001,2001,TRUE,"kept"
"Plethodon_nettingi","pars_8.pars.log",5001,2001,TRUE,"kept"
"Plethodon_nettingi","pars_9.pars.log",5001,2001,TRUE,"kept"
"Plethodon_ocmulgee","pars_1.pars.log",5001,2001,TRUE,"kept"
"Plethodon_ocmulgee","pars_2.pars.log",5001,2001,TRUE,"kept"
"Plethodon_ocmulgee","pars_3.pars.log",5001,2001,TRUE,"kept"
"Plethodon_ocmulgee","pars_4.pars.log",5001,2001,TRUE,"kept"
"Plethodon_ocmulgee","pars_5.pars.log",5001,2001,TRUE,"kept"
"Plethodon_ocmulgee","pars_6.pars.log",5001,2001,TRUE,"kept"
"Plethodon_ocmulgee","pars_7.pars.log",5001,2001,TRUE,"kept"
"Plethodon_ocmulgee","pars_8.pars.log",5001,2001,TRUE,"kept"
"Plethodon_ouachitae","pars_1.pars.log",5001,2001,TRUE,"kept"
"Plethodon_ouachitae","pars_2.pars.log",5001,2001,TRUE,"kept"
"Plethodon_ouachitae","pars_3.pars.log",5001,2001,TRUE,"kept"
"Plethodon_ouachitae","pars_4.pars.log",5001,2001,TRUE,"kept"
"Plethodon_ouachitae","pars_5.pars.log",5001,2001,TRUE,"kept"
"Plethodon_ouachitae","pars_6.pars.log",5001,2001,TRUE,"kept"
"Plethodon_petraeus","pars_1.pars.log",5001,2001,TRUE,"kept"
"Plethodon_petraeus","pars_10.pars.log",5001,2001,TRUE,"kept"
"Plethodon_petraeus","pars_11.pars.log",5001,2001,TRUE,"kept"
"Plethodon_petraeus","pars_2.pars.log",5001,2001,TRUE,"kept"
"Plethodon_petraeus","pars_3.pars.log",5001,2001,TRUE,"kept"
"Plethodon_petraeus","pars_4.pars.log",5001,2001,TRUE,"kept"
"Plethodon_petraeus","pars_5.pars.log",5001,2001,TRUE,"kept"
"Plethodon_petraeus","pars_6.pars.log",5001,2001,TRUE,"kept"
"Plethodon_petraeus","pars_7.pars.log",5001,2001,TRUE,"kept"
"Plethodon_petraeus","pars_8.pars.log",5001,2001,TRUE,"kept"
"Plethodon_petraeus","pars_9.pars.log",5001,2001,TRUE,"kept"
"Plethodon_punctatus","pars_1.pars.log",5001,2001,TRUE,"kept"
"Plethodon_punctatus","pars_10.pars.log",5001,2001,TRUE,"kept"
"Plethodon_punctatus","pars_2.pars.log",5001,2001,TRUE,"kept"
"Plethodon_punctatus","pars_3.pars.log",5001,2001,TRUE,"kept"
"Plethodon_punctatus","pars_4.pars.log",5001,2001,TRUE,"kept"
"Plethodon_punctatus","pars_5.pars.log",5001,2001,TRUE,"kept"
"Plethodon_punctatus","pars_6.pars.log",5001,2001,TRUE,"kept"
"Plethodon_punctatus","pars_7.pars.log",5001,2001,TRUE,"kept"
"Plethodon_punctatus","pars_8.pars.log",5001,2001,TRUE,"kept"
"Plethodon_punctatus","pars_9.pars.log",5001,2001,TRUE,"kept"
"Plethodon_richmondi","pars_1.pars.log",5001,2001,TRUE,"kept"
"Plethodon_richmondi","pars_10.pars.log",5001,2001,TRUE,"kept"
"Plethodon_richmondi","pars_2.pars.log",5001,2001,TRUE,"kept"
"Plethodon_richmondi","pars_3.pars.log",5001,2001,TRUE,"kept"
"Plethodon_richmondi","pars_4.pars.log",5001,2001,TRUE,"kept"
"Plethodon_richmondi","pars_5.pars.log",5001,2001,TRUE,"kept"
"Plethodon_richmondi","pars_6.pars.log",5001,2001,TRUE,"kept"
"Plethodon_richmondi","pars_7.pars.log",5001,2001,TRUE,"kept"
"Plethodon_richmondi","pars_8.pars.log",5001,2001,TRUE,"kept"
"Plethodon_richmondi","pars_9.pars.log",5001,2001,TRUE,"kept"
"Plethodon_savannah","pars_1.pars.log",5001,2001,TRUE,"kept"
"Plethodon_savannah","pars_10.pars.log",5001,2001,TRUE,"kept"
"Plethodon_savannah","pars_11.pars.log",5001,2001,TRUE,"kept"
"Plethodon_savannah","pars_12.pars.log",5001,2001,TRUE,"kept"
"Plethodon_savannah","pars_2.pars.log",5001,2001,TRUE,"kept"
"Plethodon_savannah","pars_3.pars.log",5001,2001,TRUE,"kept"
"Plethodon_savannah","pars_4.pars.log",5001,2001,TRUE,"kept"
"Plethodon_savannah","pars_5.pars.log",5001,2001,TRUE,"kept"
"Plethodon_savannah","pars_5_1.pars.log",5001,2001,TRUE,"kept"
"Plethodon_savannah","pars_6.pars.log",5001,2001,TRUE,"kept"
"Plethodon_savannah","pars_7.pars.log",5001,2001,TRUE,"kept"
"Plethodon_savannah","pars_8.pars.log",5001,2001,TRUE,"kept"
"Plethodon_savannah","pars_9.pars.log",5001,2001,TRUE,"kept"
"Plethodon_sequoyah","pars_1.pars.log",5001,2001,TRUE,"kept"
"Plethodon_sequoyah","pars_10.pars.log",5001,2001,TRUE,"kept"
"Plethodon_sequoyah","pars_11.pars.log",5001,2001,TRUE,"kept"
"Plethodon_sequoyah","pars_12.pars.log",5001,2001,TRUE,"kept"
"Plethodon_sequoyah","pars_2.pars.log",5001,2001,TRUE,"kept"
"Plethodon_sequoyah","pars_3.pars.log",5001,2001,TRUE,"kept"
"Plethodon_sequoyah","pars_4.pars.log",5001,2001,TRUE,"kept"
"Plethodon_sequoyah","pars_5.pars.log",5001,2001,TRUE,"kept"
"Plethodon_sequoyah","pars_6.pars.log",5001,2001,TRUE,"kept"
"Plethodon_sequoyah","pars_7.pars.log",5001,2001,TRUE,"kept"
"Plethodon_sequoyah","pars_8.pars.log",5001,2001,TRUE,"kept"
"Plethodon_sequoyah","pars_9.pars.log",5001,2001,TRUE,"kept"
"Plethodon_serratus","pars_1.pars.log",5001,2001,TRUE,"kept"
"Plethodon_serratus","pars_2.pars.log",5001,2001,TRUE,"kept"
"Plethodon_serratus","pars_3.pars.log",5001,2001,TRUE,"kept"
"Plethodon_serratus","pars_4.pars.log",5001,2001,TRUE,"kept"
"Plethodon_serratus","pars_5.pars.log",5001,2001,TRUE,"kept"
"Plethodon_serratus","pars_6.pars.log",5001,2001,TRUE,"kept"
"Plethodon_shenandoah","pars_1.pars.log",5001,2001,TRUE,"kept"
"Plethodon_shenandoah","pars_10.pars.log",5001,2001,TRUE,"kept"
"Plethodon_shenandoah","pars_11.pars.log",5001,2001,TRUE,"kept"
"Plethodon_shenandoah","pars_12.pars.log",5001,2001,TRUE,"kept"
"Plethodon_shenandoah","pars_13.pars.log",5001,2001,TRUE,"kept"
"Plethodon_shenandoah","pars_14.pars.log",5001,2001,TRUE,"kept"
"Plethodon_shenandoah","pars_15.pars.log",5001,2001,TRUE,"kept"
"Plethodon_shenandoah","pars_16.pars.log",5001,2001,TRUE,"kept"
"Plethodon_shenandoah","pars_17.pars.log",5001,2001,TRUE,"kept"
"Plethodon_shenandoah","pars_18.pars.log",5001,2001,TRUE,"kept"
"Plethodon_shenandoah","pars_19.pars.log",5001,2001,TRUE,"kept"
"Plethodon_shenandoah","pars_2.pars.log",5001,2001,TRUE,"kept"
"Plethodon_shenandoah","pars_3.pars.log",5001,2001,TRUE,"kept"
"Plethodon_shenandoah","pars_4.pars.log",5001,2001,TRUE,"kept"
"Plethodon_shenandoah","pars_5.pars.log",5001,2001,TRUE,"kept"
"Plethodon_shenandoah","pars_6.pars.log",5001,2001,TRUE,"kept"
"Plethodon_shenandoah","pars_7.pars.log",5001,2001,TRUE,"kept"
"Plethodon_shenandoah","pars_8.pars.log",5001,2001,TRUE,"kept"
"Plethodon_shenandoah","pars_9.pars.log",5001,2001,TRUE,"kept"
"Plethodon_shermani","pars_1.pars.log",5001,2001,TRUE,"kept"
"Plethodon_shermani","pars_10.pars.log",5001,2001,TRUE,"kept"
"Plethodon_shermani","pars_11.pars.log",5001,2001,TRUE,"kept"
"Plethodon_shermani","pars_12.pars.log",5001,2001,TRUE,"kept"
"Plethodon_shermani","pars_13.pars.log",5001,2001,TRUE,"kept"
"Plethodon_shermani","pars_14.pars.log",5001,2001,TRUE,"kept"
"Plethodon_shermani","pars_15.pars.log",5001,2001,TRUE,"kept"
"Plethodon_shermani","pars_2.pars.log",5001,2001,TRUE,"kept"
"Plethodon_shermani","pars_3.pars.log",5001,2001,TRUE,"kept"
"Plethodon_shermani","pars_4.pars.log",5001,2001,TRUE,"kept"
"Plethodon_shermani","pars_5.pars.log",5001,2001,TRUE,"kept"
"Plethodon_shermani","pars_6.pars.log",5001,2001,TRUE,"kept"
"Plethodon_shermani","pars_7.pars.log",5001,2001,TRUE,"kept"
"Plethodon_shermani","pars_8.pars.log",5001,2001,TRUE,"kept"
"Plethodon_shermani","pars_9.pars.log",5001,2001,TRUE,"kept"
"Plethodon_teyahalee","pars_1.pars.log",5001,2001,TRUE,"kept"
"Plethodon_teyahalee","pars_2.pars.log",5001,2001,TRUE,"kept"
"Plethodon_teyahalee","pars_3.pars.log",5001,2001,TRUE,"kept"
"Plethodon_teyahalee","pars_4.pars.log",5001,2001,TRUE,"kept"
"Plethodon_teyahalee","pars_5.pars.log",5001,2001,TRUE,"kept"
"Plethodon_teyahalee","pars_6.pars.log",5001,2001,TRUE,"kept"
"Plethodon_teyahalee","pars_7.pars.log",5001,2001,TRUE,"kept"
"Plethodon_variolatus","pars_1.pars.log",5001,2001,TRUE,"kept"
"Plethodon_variolatus","pars_10.pars.log",5001,2001,TRUE,"kept"
"Plethodon_variolatus","pars_11.pars.log",5001,2001,TRUE,"kept"
"Plethodon_variolatus","pars_12.pars.log",5001,2001,TRUE,"kept"
"Plethodon_variolatus","pars_13.pars.log",5001,2001,TRUE,"kept"
"Plethodon_variolatus","pars_14.pars.log",5001,2001,TRUE,"kept"
"Plethodon_variolatus","pars_15.pars.log",5001,2001,TRUE,"kept"
"Plethodon_variolatus","pars_16.pars.log",5001,2001,TRUE,"kept"
"Plethodon_variolatus","pars_17.pars.log",5001,2001,TRUE,"kept"
"Plethodon_variolatus","pars_18.pars.log",5001,2001,TRUE,"kept"
"Plethodon_variolatus","pars_2.pars.log",5001,2001,TRUE,"kept"
"Plethodon_variolatus","pars_2_1.pars.log",5001,2001,TRUE,"kept"
"Plethodon_variolatus","pars_3.pars.log",5001,2001,TRUE,"kept"
"Plethodon_variolatus","pars_4.pars.log",5001,2001,TRUE,"kept"
"Plethodon_variolatus","pars_5.pars.log",5001,2001,TRUE,"kept"
"Plethodon_variolatus","pars_6.pars.log",5001,2001,TRUE,"kept"
"Plethodon_variolatus","pars_7.pars.log",5001,2001,TRUE,"kept"
"Plethodon_variolatus","pars_8.pars.log",5001,2001,TRUE,"kept"
"Plethodon_variolatus","pars_9.pars.log",5001,2001,TRUE,"kept"
"Plethodon_ventralis","pars_1.pars.log",5001,2001,TRUE,"kept"
"Plethodon_ventralis","pars_10.pars.log",5001,2001,TRUE,"kept"
"Plethodon_ventralis","pars_11.pars.log",5001,2001,TRUE,"kept"
"Plethodon_ventralis","pars_2.pars.log",5001,2001,TRUE,"kept"
"Plethodon_ventralis","pars_3.pars.log",5001,2001,TRUE,"kept"
"Plethodon_ventralis","pars_4.pars.log",5001,2001,TRUE,"kept"
"Plethodon_ventralis","pars_5.pars.log",5001,2001,TRUE,"kept"
"Plethodon_ventralis","pars_6.pars.log",5001,2001,TRUE,"kept"
"Plethodon_ventralis","pars_7.pars.log",5001,2001,TRUE,"kept"
"Plethodon_ventralis","pars_8.pars.log",5001,2001,TRUE,"kept"
"Plethodon_ventralis","pars_9.pars.log",5001,2001,TRUE,"kept"
"Plethodon_virginia","pars_1.pars.log",5001,2001,TRUE,"kept"
"Plethodon_virginia","pars_10.pars.log",5001,2001,TRUE,"kept"
"Plethodon_virginia","pars_11.pars.log",5001,2001,TRUE,"kept"
"Plethodon_virginia","pars_12.pars.log",5001,2001,TRUE,"kept"
"Plethodon_virginia","pars_13.pars.log",5001,2001,TRUE,"kept"
"Plethodon_virginia","pars_14.pars.log",5001,2001,TRUE,"kept"
"Plethodon_virginia","pars_15.pars.log",5001,2001,TRUE,"kept"
"Plethodon_virginia","pars_16.pars.log",5001,2001,TRUE,"kept"
"Plethodon_virginia","pars_2.pars.log",5001,2001,TRUE,"kept"
"Plethodon_virginia","pars_3.pars.log",5001,2001,TRUE,"kept"
"Plethodon_virginia","pars_4.pars.log",5001,2001,TRUE,"kept"
"Plethodon_virginia","pars_5.pars.log",5001,2001,TRUE,"kept"
"Plethodon_virginia","pars_6.pars.log",5001,2001,TRUE,"kept"
"Plethodon_virginia","pars_7.pars.log",5001,2001,TRUE,"kept"
"Plethodon_virginia","pars_8.pars.log",5001,2001,TRUE,"kept"
"Plethodon_virginia","pars_9.pars.log",5001,2001,TRUE,"kept"
"Plethodon_websteri","pars_1.pars.log",5001,2001,TRUE,"kept"
"Plethodon_websteri","pars_2.pars.log",5001,2001,TRUE,"kept"
"Plethodon_websteri","pars_3.pars.log",5001,2001,TRUE,"kept"
"Plethodon_websteri","pars_4.pars.log",5001,2001,TRUE,"kept"
"Plethodon_wehrlei","pars_1.pars.log",5001,2001,TRUE,"kept"
"Plethodon_wehrlei","pars_10.pars.log",5001,2001,TRUE,"kept"
"Plethodon_wehrlei","pars_11.pars.log",5001,2001,TRUE,"kept"
"Plethodon_wehrlei","pars_12.pars.log",5001,2001,TRUE,"kept"
"Plethodon_wehrlei","pars_13.pars.log",5001,2001,TRUE,"kept"
"Plethodon_wehrlei","pars_2.pars.log",5001,2001,TRUE,"kept"
"Plethodon_wehrlei","pars_3.pars.log",5001,2001,TRUE,"kept"
"Plethodon_wehrlei","pars_4.pars.log",5001,2001,TRUE,"kept"
"Plethodon_wehrlei","pars_5.pars.log",5001,2001,TRUE,"kept"
"Plethodon_wehrlei","pars_6.pars.log",5001,2001,TRUE,"kept"
"Plethodon_wehrlei","pars_7.pars.log",5001,2001,TRUE,"kept"
"Plethodon_wehrlei","pars_8.pars.log",5001,2001,TRUE,"kept"
"Plethodon_wehrlei","pars_9.pars.log",5001,2001,TRUE,"kept"
"Plethodon_welleri","pars_1.pars.log",5001,2001,TRUE,"kept"
"Plethodon_welleri","pars_10.pars.log",5001,2001,TRUE,"kept"
"Plethodon_welleri","pars_11.pars.log",5001,2001,TRUE,"kept"
"Plethodon_welleri","pars_12.pars.log",5001,2001,TRUE,"kept"
"Plethodon_welleri","pars_13.pars.log",5001,2001,TRUE,"kept"
"Plethodon_welleri","pars_14.pars.log",5001,2001,TRUE,"kept"
"Plethodon_welleri","pars_2.pars.log",5001,2001,TRUE,"kept"
"Plethodon_welleri","pars_3.pars.log",5001,2001,TRUE,"kept"
"Plethodon_welleri","pars_4.pars.log",5001,2001,TRUE,"kept"
"Plethodon_welleri","pars_5.pars.log",5001,2001,TRUE,"kept"
"Plethodon_welleri","pars_6.pars.log",5001,2001,TRUE,"kept"
"Plethodon_welleri","pars_7.pars.log",5001,2001,TRUE,"kept"
"Plethodon_welleri","pars_8.pars.log",5001,2001,TRUE,"kept"
"Plethodon_welleri","pars_9.pars.log",5001,2001,TRUE,"kept"
"Plethodon_yonahlossee","pars_1.pars.log",5001,2001,TRUE,"kept"
"Plethodon_yonahlossee","pars_10.pars.log",5001,2001,TRUE,"kept"
"Plethodon_yonahlossee","pars_11.pars.log",5001,2001,TRUE,"kept"
"Plethodon_yonahlossee","pars_12.pars.log",5001,2001,TRUE,"kept"
"Plethodon_yonahlossee","pars_13.pars.log",5001,2001,TRUE,"kept"
"Plethodon_yonahlossee","pars_14.pars.log",5001,2001,TRUE,"kept"
"Plethodon_yonahlossee","pars_2.pars.log",5001,2001,TRUE,"kept"
"Plethodon_yonahlossee","pars_3.pars.log",5001,2001,TRUE,"kept"
"Plethodon_yonahlossee","pars_4.pars.log",5001,2001,TRUE,"kept"
"Plethodon_yonahlossee","pars_5.pars.log",5001,2001,TRUE,"kept"
"Plethodon_yonahlossee","pars_6.pars.log",5001,2001,TRUE,"kept"
"Plethodon_yonahlossee","pars_7.pars.log",5001,2001,TRUE,"kept"
"Plethodon_yonahlossee","pars_8.pars.log",5001,2001,TRUE,"kept"
"Plethodon_yonahlossee","pars_9.pars.log",5001,2001,TRUE,"kept"
"Pseudotriton_montanus","pars_1.pars.log",5001,2001,TRUE,"kept"
"Pseudotriton_montanus","pars_2.pars.log",5001,2001,TRUE,"kept"
"Pseudotriton_montanus","pars_3.pars.log",5001,2001,TRUE,"kept"
"Pseudotriton_montanus","pars_4.pars.log",5001,2001,TRUE,"kept"
"Pseudotriton_montanus","pars_5.pars.log",5001,2001,TRUE,"kept"
"Pseudotriton_montanus","pars_6.pars.log",5001,2001,TRUE,"kept"
"Pseudotriton_montanus","pars_7.pars.log",5001,2001,TRUE,"kept"
"Pseudotriton_montanus","pars_8.pars.log",5001,2001,TRUE,"kept"
"Pseudotriton_ruber","pars_1.pars.log",5001,2001,TRUE,"kept"
"Pseudotriton_ruber","pars_10.pars.log",5001,2001,TRUE,"kept"
"Pseudotriton_ruber","pars_11.pars.log",5001,2001,TRUE,"kept"
"Pseudotriton_ruber","pars_12.pars.log",5001,2001,TRUE,"kept"
"Pseudotriton_ruber","pars_13.pars.log",5001,2001,TRUE,"kept"
"Pseudotriton_ruber","pars_14.pars.log",5001,2001,TRUE,"kept"
"Pseudotriton_ruber","pars_15.pars.log",5001,2001,TRUE,"kept"
"Pseudotriton_ruber","pars_16.pars.log",5001,2001,TRUE,"kept"
"Pseudotriton_ruber","pars_2.pars.log",5001,2001,TRUE,"kept"
"Pseudotriton_ruber","pars_3.pars.log",5001,2001,TRUE,"kept"
"Pseudotriton_ruber","pars_4.pars.log",5001,2001,TRUE,"kept"
"Pseudotriton_ruber","pars_5.pars.log",5001,2001,TRUE,"kept"
"Pseudotriton_ruber","pars_6.pars.log",5001,2001,TRUE,"kept"
"Pseudotriton_ruber","pars_7.pars.log",5001,2001,TRUE,"kept"
"Pseudotriton_ruber","pars_8.pars.log",5001,2001,TRUE,"kept"
"Pseudotriton_ruber","pars_9.pars.log",5001,2001,TRUE,"kept"
"Stereochilus_marginatus","pars_1.pars.log",5001,2001,TRUE,"kept"
"Stereochilus_marginatus","pars_10.pars.log",5001,2001,TRUE,"kept"
"Stereochilus_marginatus","pars_11.pars.log",5001,2001,TRUE,"kept"
"Stereochilus_marginatus","pars_12.pars.log",5001,2001,TRUE,"kept"
"Stereochilus_marginatus","pars_13.pars.log",5001,2001,TRUE,"kept"
"Stereochilus_marginatus","pars_2.pars.log",5001,2001,TRUE,"kept"
"Stereochilus_marginatus","pars_3.pars.log",5001,2001,TRUE,"kept"
"Stereochilus_marginatus","pars_4.pars.log",5001,2001,TRUE,"kept"
"Stereochilus_marginatus","pars_5.pars.log",5001,2001,TRUE,"kept"
"Stereochilus_marginatus","pars_6.pars.log",5001,2001,TRUE,"kept"
"Stereochilus_marginatus","pars_7.pars.log",5001,2001,TRUE,"kept"
"Stereochilus_marginatus","pars_8.pars.log",5001,2001,TRUE,"kept"
"Stereochilus_marginatus","pars_9.pars.log",5001,2001,TRUE,"kept"
